rel_id,relation,arg1,arg2,source_file
100130_R9,ADE-Drug,100130_T19,100130_T14,100130
100130_R14,ADE-Drug,100130_T30,100130_T14,100130
100130_R15,ADE-Drug,100130_T30,100130_T23,100130
100130_R16,ADE-Drug,100130_T31,100130_T14,100130
100130_R17,ADE-Drug,100130_T31,100130_T23,100130
100130_R19,ADE-Drug,100130_T36,100130_T14,100130
100130_R20,ADE-Drug,100130_T37,100130_T14,100130
100130_R21,ADE-Drug,100130_T38,100130_T14,100130
100509_R9,ADE-Drug,100509_T12,100509_T13,100509
100509_R10,ADE-Drug,100509_T12,100509_T14,100509
100509_R11,ADE-Drug,100509_T16,100509_T15,100509
100509_R15,ADE-Drug,100509_T26,100509_T24,100509
100509_R16,ADE-Drug,100509_T27,100509_T29,100509
100509_R17,ADE-Drug,100509_T28,100509_T29,100509
100549_R2,ADE-Drug,100549_T4,100549_T3,100549
100549_R13,ADE-Drug,100549_T2000,100549_T24,100549
100549_R14,ADE-Drug,100549_T2000,100549_T21,100549
100549_R17,ADE-Drug,100549_T25,100549_T26,100549
100549_R26,ADE-Drug,100549_T42,100549_T44,100549
100549_R27,ADE-Drug,100549_T43,100549_T44,100549
100549_R34,ADE-Drug,100549_T62,100549_T63,100549
100549_R102,ADE-Drug,100549_T143,100549_T144,100549
100759_R1,ADE-Drug,100759_T1,100759_T3,100759
100759_R2,ADE-Drug,100759_T2,100759_T3,100759
100759_R17,ADE-Drug,100759_T27,100759_T28,100759
100759_R20,ADE-Drug,100759_T35,100759_T39,100759
102068_R89,ADE-Drug,102068_T124,102068_T125,102068
102068_R97,ADE-Drug,102068_T149,102068_T150,102068
102357_R15,ADE-Drug,102357_T21,102357_T23,102357
102357_R16,ADE-Drug,102357_T22,102357_T23,102357
102357_R17,ADE-Drug,102357_T24,102357_T23,102357
102357_R46,ADE-Drug,102357_T63,102357_T65,102357
102357_R47,ADE-Drug,102357_T64,102357_T65,102357
102903_R1,ADE-Drug,102903_T1,102903_T3,102903
102903_R7,ADE-Drug,102903_T5,102903_T6,102903
102913_R19,ADE-Drug,102913_T21,102913_T22,102913
102913_R20,ADE-Drug,102913_T24,102913_T23,102913
103430_R62,ADE-Drug,103430_T106,103430_T104,103430
103430_R69,ADE-Drug,103430_T118,103430_T8,103430
103430_R113,ADE-Drug,103430_T162,103430_T104,103430
103480_R51,ADE-Drug,103480_T87,103480_T86,103480
103761_R1,ADE-Drug,103761_T6,103761_T5,103761
103761_R13,ADE-Drug,103761_T25,103761_T27,103761
103761_R14,ADE-Drug,103761_T25,103761_T26,103761
103761_R23,ADE-Drug,103761_T42,103761_T41,103761
103761_R24,ADE-Drug,103761_T42,103761_T40,103761
103761_R38,ADE-Drug,103761_T65,103761_T64,103761
103761_R234,ADE-Drug,103761_T310,103761_T309,103761
103761_R241,ADE-Drug,103761_T323,103761_T322,103761
103761_R244,ADE-Drug,103761_T327,103761_T328,103761
103761_R259,ADE-Drug,103761_T349,103761_T352,103761
103761_R262,ADE-Drug,103761_T356,103761_T355,103761
103761_R263,ADE-Drug,103761_T357,103761_T359,103761
103903_R99,ADE-Drug,103903_T145,103903_T144,103903
103903_R100,ADE-Drug,103903_T146,103903_T144,103903
103928_R7,ADE-Drug,103928_T16,103928_T17,103928
103928_R8,ADE-Drug,103928_T20,103928_T23,103928
103928_R82,ADE-Drug,103928_T129,103928_T108,103928
103930_R14,ADE-Drug,103930_T18,103930_T19,103930
104021_R10,ADE-Drug,104021_T17,104021_T18,104021
104021_R23,ADE-Drug,104021_T33,104021_T28,104021
104021_R24,ADE-Drug,104021_T35,104021_T28,104021
104021_R44,ADE-Drug,104021_T65,104021_T64,104021
104021_R52,ADE-Drug,104021_T75,104021_T18,104021
104168_R31,ADE-Drug,104168_T60,104168_T58,104168
104168_R78,ADE-Drug,104168_T103,104168_T93,104168
104271_R9,ADE-Drug,104271_T16,104271_T18,104271
104271_R33,ADE-Drug,104271_T46,104271_T45,104271
104271_R102,ADE-Drug,104271_T147,104271_T148,104271
104271_R8,ADE-Drug,104271_T16,104271_T17,104271
104390_R17,ADE-Drug,104390_T30,104390_T31,104390
104390_R22,ADE-Drug,104390_T34,104390_T36,104390
104390_R29,ADE-Drug,104390_T46,104390_T53,104390
104390_R31,ADE-Drug,104390_T48,104390_T53,104390
104390_R32,ADE-Drug,104390_T50,104390_T53,104390
104390_R33,ADE-Drug,104390_T51,104390_T53,104390
104390_R51,ADE-Drug,104390_T75,104390_T76,104390
104390_R56,ADE-Drug,104390_T83,104390_T82,104390
104446_R64,ADE-Drug,104446_T136,104446_T42,104446
104446_R66,ADE-Drug,104446_T137,104446_T116,104446
104549_R44,ADE-Drug,104549_T63,104549_T61,104549
104549_R45,ADE-Drug,104549_T64,104549_T61,104549
104549_R244,ADE-Drug,104549_T306,104549_T305,104549
104665_R8,ADE-Drug,104665_T12,104665_T13,104665
104757_R3,ADE-Drug,104757_T5,104757_T6,104757
104757_R33,ADE-Drug,104757_T50,104757_T38,104757
104757_R153,ADE-Drug,104757_T201,104757_T199,104757
104757_R154,ADE-Drug,104757_T201,104757_T200,104757
104757_R155,ADE-Drug,104757_T203,104757_T199,104757
104757_R156,ADE-Drug,104757_T203,104757_T200,104757
104757_R157,ADE-Drug,104757_T204,104757_T200,104757
104757_R158,ADE-Drug,104757_T204,104757_T199,104757
104757_R173,ADE-Drug,104757_T224,104757_T222,104757
104757_R179,ADE-Drug,104757_T215,104757_T222,104757
104788_R30,ADE-Drug,104788_T47,104788_T1,104788
104788_R31,ADE-Drug,104788_T46,104788_T1,104788
104788_R39,ADE-Drug,104788_T55,104788_T4,104788
104788_R40,ADE-Drug,104788_T57,104788_T2,104788
104929_R17,ADE-Drug,104929_T27,104929_T28,104929
104929_R68,ADE-Drug,104929_T85,104929_T84,104929
104929_R69,ADE-Drug,104929_T85,104929_T83,104929
104929_R96,ADE-Drug,104929_T131,104929_T132,104929
104929_R97,ADE-Drug,104929_T133,104929_T134,104929
104948_R4,ADE-Drug,104948_T8,104948_T9,104948
104948_R5,ADE-Drug,104948_T8,104948_T10,104948
104948_R20,ADE-Drug,104948_T34,104948_T33,104948
104948_R153,ADE-Drug,104948_T196,104948_T197,104948
104948_R157,ADE-Drug,104948_T202,104948_T201,104948
104948_R179,ADE-Drug,104948_T243,104948_T241,104948
105088_R50,ADE-Drug,105088_T134,105088_T135,105088
105088_R51,ADE-Drug,105088_T134,105088_T133,105088
105383_R22,ADE-Drug,105383_T31,105383_T30,105383
105444_R7,ADE-Drug,105444_T14,105444_T13,105444
105444_R118,ADE-Drug,105444_T150,105444_T151,105444
105444_R135,ADE-Drug,105444_T181,105444_T182,105444
105444_R142,ADE-Drug,105444_T192,105444_T193,105444
105444_R143,ADE-Drug,105444_T192,105444_T194,105444
105446_R93,ADE-Drug,105446_T123,105446_T57,105446
105446_R94,ADE-Drug,105446_T125,105446_T14,105446
105446_R97,ADE-Drug,105446_T122,105446_T57,105446
105537_R8,ADE-Drug,105537_T10,105537_T7,105537
105537_R9,ADE-Drug,105537_T10,105537_T8,105537
105537_R84,ADE-Drug,105537_T110,105537_T109,105537
105537_R91,ADE-Drug,105537_T122,105537_T123,105537
105579_R87,ADE-Drug,105579_T122,105579_T121,105579
105579_R92,ADE-Drug,105579_T136,105579_T108,105579
105579_R94,ADE-Drug,105579_T136,105579_T127,105579
105585_R122,ADE-Drug,105585_T163,105585_T165,105585
105585_R123,ADE-Drug,105585_T164,105585_T165,105585
105585_R130,ADE-Drug,105585_T182,105585_T1830,105585
105885_R1,ADE-Drug,105885_T2,105885_T1,105885
106015_R1,ADE-Drug,106015_T7,106015_T374,106015
106015_R2,ADE-Drug,106015_T7,106015_T375,106015
106015_R3,ADE-Drug,106015_T7,106015_T376,106015
106015_R4,ADE-Drug,106015_T7,106015_T8,106015
106015_R8,ADE-Drug,106015_T12,106015_T13,106015
106015_R11,ADE-Drug,106015_T17,106015_T16,106015
106015_R32,ADE-Drug,106015_T54,106015_T53,106015
106015_R42,ADE-Drug,106015_T70,106015_T72,106015
106015_R43,ADE-Drug,106015_T73,106015_T72,106015
106015_R44,ADE-Drug,106015_T74,106015_T72,106015
106015_R259,ADE-Drug,106015_T316,106015_T317,106015
106015_R262,ADE-Drug,106015_T322,106015_T323,106015
106015_R280,ADE-Drug,106015_T354,106015_T353,106015
106076_R32,ADE-Drug,106076_T70,106076_T21,106076
106076_R35,ADE-Drug,106076_T74,106076_T73,106076
106334_R45,ADE-Drug,106334_T90,106334_T8,106334
106334_R46,ADE-Drug,106334_T91,106334_T8,106334
106334_R47,ADE-Drug,106334_T93,106334_T8,106334
106334_R48,ADE-Drug,106334_T92,106334_T8,106334
106334_R54,ADE-Drug,106334_T101,106334_T100,106334
106334_R105,ADE-Drug,106334_T158,106334_T36,106334
106334_R106,ADE-Drug,106334_T159,106334_T27,106334
106334_R107,ADE-Drug,106334_T160,106334_T100,106334
106334_R118,ADE-Drug,106334_T106,106334_T163,106334
106334_R119,ADE-Drug,106334_T164,106334_T57,106334
106334_R136,ADE-Drug,106334_T175,106334_T163,106334
106369_R115,ADE-Drug,106369_T163,106369_T60,106369
106369_R116,ADE-Drug,106369_T162,106369_T60,106369
106588_R82,ADE-Drug,106588_T97,106588_T96,106588
106588_R110,ADE-Drug,106588_T138,106588_T141,106588
106588_R111,ADE-Drug,106588_T138,106588_T140,106588
106588_R112,ADE-Drug,106588_T139,106588_T141,106588
106588_R113,ADE-Drug,106588_T139,106588_T140,106588
106588_R117,ADE-Drug,106588_T147,106588_T149,106588
106588_R118,ADE-Drug,106588_T148,106588_T149,106588
106915_R70,ADE-Drug,106915_T117,106915_T2,106915
106915_R77,ADE-Drug,106915_T121,106915_T18,106915
106915_R79,ADE-Drug,106915_T122,106915_T65,106915
106915_R38,ADE-Drug,106915_T82,106915_T61,106915
106915_R67,ADE-Drug,106915_T111,106915_T65,106915
106945_R5,ADE-Drug,106945_T15,106945_T13,106945
106945_R19,ADE-Drug,106945_T36,106945_T35,106945
106945_R21,ADE-Drug,106945_T39,106945_T40,106945
106961_R59,ADE-Drug,106961_T77,106961_T73,106961
106961_R88,ADE-Drug,106961_T123,106961_T124,106961
106961_R92,ADE-Drug,106961_T138,106961_T135,106961
106961_R93,ADE-Drug,106961_T138,106961_T136,106961
106961_R94,ADE-Drug,106961_T138,106961_T137,106961
106961_R103,ADE-Drug,106961_T150,106961_T152,106961
106961_R104,ADE-Drug,106961_T150,106961_T153,106961
106967_R5,ADE-Drug,106967_T13,106967_T12,106967
106967_R13,ADE-Drug,106967_T32,106967_T33,106967
106967_R154,ADE-Drug,106967_T193,106967_T194,106967
106967_R155,ADE-Drug,106967_T196,106967_T197,106967
106967_R175,ADE-Drug,106967_T260,106967_T259,106967
106967_R176,ADE-Drug,106967_T260,106967_T261,106967
106967_R177,ADE-Drug,106967_T260,106967_T258,106967
106967_R178,ADE-Drug,106967_T262,106967_T261,106967
106967_R179,ADE-Drug,106967_T262,106967_T259,106967
106967_R184,ADE-Drug,106967_T273,106967_T272,106967
106967_R185,ADE-Drug,106967_T276,106967_T274,106967
106967_R186,ADE-Drug,106967_T276,106967_T275,106967
106967_R187,ADE-Drug,106967_T277,106967_T278,106967
106967_R188,ADE-Drug,106967_T283,106967_T282,106967
106993_R198,ADE-Drug,106993_T284,106993_T283,106993
106993_R202,ADE-Drug,106993_T142,106993_T282,106993
107128_R74,ADE-Drug,107128_T127,107128_T126,107128
107128_R151,ADE-Drug,107128_T209,107128_T208,107128
107128_R159,ADE-Drug,107128_T124,107128_T213,107128
107128_R169,ADE-Drug,107128_T221,107128_T36,107128
107128_R170,ADE-Drug,107128_T220,107128_T66,107128
107202_R95,ADE-Drug,107202_T118,107202_T119,107202
107202_R99,ADE-Drug,107202_T124,107202_T122,107202
107202_R103,ADE-Drug,107202_T132,107202_T130,107202
107202_R112,ADE-Drug,107202_T145,107202_T144,107202
107202_R113,ADE-Drug,107202_T145,107202_T147,107202
107202_R127,ADE-Drug,107202_T163,107202_T164,107202
107202_R132,ADE-Drug,107202_T169,107202_T170,107202
107421_R83,ADE-Drug,107421_T149,107421_T116,107421
107421_R208,ADE-Drug,107421_T294,107421_T293,107421
107515_R180,ADE-Drug,107515_T235,107515_T236,107515
107515_R181,ADE-Drug,107515_T235,107515_T237,107515
107515_R182,ADE-Drug,107515_T241,107515_T243,107515
107515_R183,ADE-Drug,107515_T241,107515_T244,107515
107515_R184,ADE-Drug,107515_T242,107515_T243,107515
107515_R185,ADE-Drug,107515_T242,107515_T244,107515
107515_R212,ADE-Drug,107515_T296,107515_T294,107515
107902_R16,ADE-Drug,107902_T24,107902_T25,107902
108539_R16,ADE-Drug,108539_T19,108539_T20,108539
108539_R44,ADE-Drug,108539_T60,108539_T62,108539
108539_R45,ADE-Drug,108539_T63,108539_T62,108539
108539_R61,ADE-Drug,108539_T95,108539_T93,108539
108539_R62,ADE-Drug,108539_T96,108539_T93,108539
108539_R63,ADE-Drug,108539_T98,108539_T97,108539
108816_R26,ADE-Drug,108816_T42,108816_T40,108816
108950_R31,ADE-Drug,108950_T70,108950_T23,108950
108950_R69,ADE-Drug,108950_T63,108950_T120,108950
108950_R75,ADE-Drug,108950_T110,108950_T36,108950
108950_R81,ADE-Drug,108950_T79,108950_T128,108950
109397_R98,ADE-Drug,109397_T130,109397_T126,109397
109397_R114,ADE-Drug,109397_T166,109397_T167,109397
109397_R115,ADE-Drug,109397_T169,109397_T170,109397
109397_R116,ADE-Drug,109397_T169,109397_T171,109397
109397_R117,ADE-Drug,109397_T172,109397_T173,109397
109397_R120,ADE-Drug,109397_T175,109397_T174,109397
109645_R54,ADE-Drug,109645_T83,109645_T82,109645
109645_R58,ADE-Drug,109645_T87,109645_T52,109645
109698_R101,ADE-Drug,109698_T131,109698_T125,109698
109724_R245,ADE-Drug,109724_T298,109724_T299,109724
109724_R246,ADE-Drug,109724_T298,109724_T301,109724
109724_R247,ADE-Drug,109724_T298,109724_T300,109724
109724_R270,ADE-Drug,109724_T323,109724_T325,109724
109724_R214,ADE-Drug,109724_T262,109724_T263,109724
110135_R104,ADE-Drug,110135_T122,110135_T121,110135
110135_R108,ADE-Drug,110135_T130,110135_T128,110135
110135_R112,ADE-Drug,110135_T140,110135_T142,110135
110135_R129,ADE-Drug,110135_T163,110135_T162,110135
110135_R130,ADE-Drug,110135_T163,110135_T164,110135
110135_R131,ADE-Drug,110135_T165,110135_T164,110135
110135_R139,ADE-Drug,110135_T174,110135_T176,110135
110135_R140,ADE-Drug,110135_T174,110135_T175,110135
110162_R14,ADE-Drug,110162_T19,110162_T21,110162
110162_R15,ADE-Drug,110162_T20,110162_T21,110162
110162_R35,ADE-Drug,110162_T47,110162_T46,110162
110162_R38,ADE-Drug,110162_T52,110162_T38,110162
110559_R14,ADE-Drug,110559_T23,110559_T24,110559
110559_R15,ADE-Drug,110559_T23,110559_T25,110559
110559_R16,ADE-Drug,110559_T26,110559_T25,110559
110559_R17,ADE-Drug,110559_T28,110559_T27,110559
110559_R32,ADE-Drug,110559_T43,110559_T44,110559
110559_R33,ADE-Drug,110559_T45,110559_T44,110559
110559_R98,ADE-Drug,110559_T128,110559_T121,110559
110559_R99,ADE-Drug,110559_T129,110559_T121,110559
110559_R134,ADE-Drug,110559_T170,110559_T169,110559
110559_R141,ADE-Drug,110559_T178,110559_T179,110559
110559_R142,ADE-Drug,110559_T180,110559_T179,110559
110559_R143,ADE-Drug,110559_T182,110559_T181,110559
110559_R151,ADE-Drug,110559_T200,110559_T201,110559
110559_R152,ADE-Drug,110559_T202,110559_T201,110559
110559_R153,ADE-Drug,110559_T207,110559_T206,110559
110753_R155,ADE-Drug,110753_T232,110753_T226,110753
110753_R164,ADE-Drug,110753_T227,110753_T88,110753
110753_R165,ADE-Drug,110753_T228,110753_T41,110753
110753_R169,ADE-Drug,110753_T233,110753_T58,110753
110891_R85,ADE-Drug,110891_T150,110891_T149,110891
110891_R94,ADE-Drug,110891_T122,110891_T3,110891
110891_R99,ADE-Drug,110891_T126,110891_T2,110891
111160_R69,ADE-Drug,111160_T159,111160_T158,111160
111160_R81,ADE-Drug,111160_T168,111160_T133,111160
111160_R82,ADE-Drug,111160_T168,111160_T126,111160
111160_R87,ADE-Drug,111160_T171,111160_T170,111160
111160_R88,ADE-Drug,111160_T171,111160_T80,111160
111160_R202,ADE-Drug,111160_T291,111160_T292,111160
111160_R217,ADE-Drug,111160_T143,111160_T61,111160
111274_R89,ADE-Drug,111274_T169,111274_T167,111274
111274_R92,ADE-Drug,111274_T176,111274_T175,111274
111274_R93,ADE-Drug,111274_T180,111274_T179,111274
111274_R99,ADE-Drug,111274_T197,111274_T196,111274
111274_R102,ADE-Drug,111274_T215,111274_T214,111274
111341_R238,ADE-Drug,111341_T312,111341_T310,111341
111341_R239,ADE-Drug,111341_T312,111341_T311,111341
111341_R240,ADE-Drug,111341_T313,111341_T310,111341
111341_R241,ADE-Drug,111341_T313,111341_T311,111341
112226_R84,ADE-Drug,112226_T134,112226_T19,112226
112226_R85,ADE-Drug,112226_T134,112226_T49,112226
112226_R144,ADE-Drug,112226_T198,112226_T118,112226
112226_R149,ADE-Drug,112226_T212,112226_T50,112226
112226_R151,ADE-Drug,112226_T216,112226_T28,112226
112226_R153,ADE-Drug,112226_T220,112226_T70,112226
112226_R155,ADE-Drug,112226_T222,112226_T191,112226
112226_R156,ADE-Drug,112226_T222,112226_T7,112226
112329_R5,ADE-Drug,112329_T8,112329_T9,112329
112342_R105,ADE-Drug,112342_T231,112342_T230,112342
112342_R109,ADE-Drug,112342_T240,112342_T241,112342
112342_R113,ADE-Drug,112342_T250,112342_T249,112342
112342_R114,ADE-Drug,112342_T252,112342_T251,112342
112342_R117,ADE-Drug,112342_T259,112342_T258,112342
112342_R118,ADE-Drug,112342_T260,112342_T261,112342
112342_R119,ADE-Drug,112342_T260,112342_T262,112342
112342_R170,ADE-Drug,112342_T418,112342_T419,112342
112350_R31,ADE-Drug,112350_T69,112350_T27,112350
112350_R79,ADE-Drug,112350_T119,112350_T57,112350
112418_R30,ADE-Drug,112418_T57,112418_T56,112418
112445_R189,ADE-Drug,112445_T264,112445_T127,112445
112445_R195,ADE-Drug,112445_T275,112445_T75,112445
112446_R6,ADE-Drug,112446_T25,112446_T10,112446
112446_R10,ADE-Drug,112446_T36,112446_T13,112446
112446_R36,ADE-Drug,112446_T67,112446_T4,112446
112446_R12,ADE-Drug,112446_T75,112446_T20,112446
112942_R26,ADE-Drug,112942_T47,112942_T18,112942
113222_R64,ADE-Drug,113222_T111,113222_T9,113222
113222_R67,ADE-Drug,113222_T113,113222_T62,113222
113222_R138,ADE-Drug,113222_T188,113222_T109,113222
113222_R148,ADE-Drug,113222_T197,113222_T93,113222
113222_R68,ADE-Drug,113222_T114,113222_T28,113222
113222_R69,ADE-Drug,113222_T114,113222_T48,113222
113265_R40,ADE-Drug,113265_T129,113265_T41,113265
113265_R41,ADE-Drug,113265_T129,113265_T45,113265
113265_R47,ADE-Drug,113265_T133,113265_T64,113265
113265_R48,ADE-Drug,113265_T134,113265_T1,113265
113265_R57,ADE-Drug,113265_T143,113265_T38,113265
113265_R58,ADE-Drug,113265_T143,113265_T30,113265
113265_R59,ADE-Drug,113265_T143,113265_T80,113265
113265_R60,ADE-Drug,113265_T143,113265_T71,113265
113265_R83,ADE-Drug,113265_T165,113265_T27,113265
113265_R127,ADE-Drug,113265_T213,113265_T51,113265
113265_R128,ADE-Drug,113265_T214,113265_T215,113265
113265_R130,ADE-Drug,113265_T217,113265_T48,113265
113265_R131,ADE-Drug,113265_T217,113265_T40,113265
113265_R160,ADE-Drug,113265_T244,113265_T8,113265
113265_R161,ADE-Drug,113265_T245,113265_T29,113265
113265_R162,ADE-Drug,113265_T246,113265_T57,113265
113265_R181,ADE-Drug,113265_T261,113265_T81,113265
113265_R182,ADE-Drug,113265_T261,113265_T136,113265
113265_R183,ADE-Drug,113265_T263,113265_T22,113265
113265_R184,ADE-Drug,113265_T138,113265_T22,113265
113265_R188,ADE-Drug,113265_T276,113265_T27,113265
113265_R197,ADE-Drug,113265_T292,113265_T39,113265
113265_R198,ADE-Drug,113265_T292,113265_T43,113265
113333_R93,ADE-Drug,113333_T149,113333_T72,113333
113333_R94,ADE-Drug,113333_T149,113333_T9,113333
113333_R137,ADE-Drug,113333_T208,113333_T207,113333
113348_R1,ADE-Drug,113348_T1,113348_T2,113348
113348_R2,ADE-Drug,113348_T4,113348_T6,113348
113348_R3,ADE-Drug,113348_T5,113348_T6,113348
113348_R21,ADE-Drug,113348_T33,113348_T35,113348
113348_R22,ADE-Drug,113348_T34,113348_T35,113348
113348_R100,ADE-Drug,113348_T142,113348_T143,113348
113607_R71,ADE-Drug,113607_T128,113607_T81,113607
113607_R138,ADE-Drug,113607_T197,113607_T41,113607
113852_R10,ADE-Drug,113852_T29,113852_T4,113852
113852_R11,ADE-Drug,113852_T30,113852_T21,113852
113852_R12,ADE-Drug,113852_T31,113852_T11,113852
113852_R30,ADE-Drug,113852_T52,113852_T5,113852
113858_R76,ADE-Drug,113858_T95,113858_T45,113858
113858_R77,ADE-Drug,113858_T96,113858_T45,113858
113963_R193,ADE-Drug,113963_T321,113963_T157,113963
113963_R194,ADE-Drug,113963_T322,113963_T40,113963
113963_R195,ADE-Drug,113963_T350,113963_T55,113963
113963_R196,ADE-Drug,113963_T351,113963_T55,113963
113963_R197,ADE-Drug,113963_T323,113963_T47,113963
113963_R198,ADE-Drug,113963_T324,113963_T120,113963
113963_R199,ADE-Drug,113963_T325,113963_T73,113963
113963_R182,ADE-Drug,113963_T329,113963_T77,113963
113963_R200,ADE-Drug,113963_T368,113963_T7,113963
113963_R201,ADE-Drug,113963_T368,113963_T164,113963
113963_R206,ADE-Drug,113963_T336,113963_T119,113963
114626_R49,ADE-Drug,114626_T106,114626_T27,114626
114626_R50,ADE-Drug,114626_T106,114626_T105,114626
114626_R51,ADE-Drug,114626_T107,114626_T1,114626
114626_R52,ADE-Drug,114626_T107,114626_T9,114626
114626_R58,ADE-Drug,114626_T117,114626_T62,114626
114626_R59,ADE-Drug,114626_T116,114626_T62,114626
114626_R60,ADE-Drug,114626_T121,114626_T28,114626
114626_R91,ADE-Drug,114626_T153,114626_T56,114626
114626_R92,ADE-Drug,114626_T154,114626_T56,114626
114626_R97,ADE-Drug,114626_T162,114626_T27,114626
114626_R98,ADE-Drug,114626_T163,114626_T1,114626
114901_R70,ADE-Drug,114901_T125,114901_T58,114901
114901_R75,ADE-Drug,114901_T129,114901_T128,114901
114901_R174,ADE-Drug,114901_T224,114901_T215,114901
115138_R44,ADE-Drug,115138_T58,115138_T59,115138
115138_R45,ADE-Drug,115138_T62,115138_T59,115138
115138_R46,ADE-Drug,115138_T63,115138_T59,115138
115138_R47,ADE-Drug,115138_T61,115138_T59,115138
115138_R77,ADE-Drug,115138_T94,115138_T92,115138
115138_R83,ADE-Drug,115138_T102,115138_T104,115138
115138_R28,ADE-Drug,115138_T50,115138_T49,115138
115138_R27,ADE-Drug,115138_T54,115138_T49,115138
115138_R29,ADE-Drug,115138_T52,115138_T49,115138
115169_R65,ADE-Drug,115169_T116,115169_T67,115169
115169_R72,ADE-Drug,115169_T101,115169_T99,115169
115169_R73,ADE-Drug,115169_T101,115169_T96,115169
115169_R150,ADE-Drug,115169_T118,115169_T26,115169
115169_R153,ADE-Drug,115169_T203,115169_T52,115169
115169_R154,ADE-Drug,115169_T217,115169_T52,115169
115391_R119,ADE-Drug,115391_T176,115391_T175,115391
115433_R71,ADE-Drug,115433_T152,115433_T33,115433
115433_R176,ADE-Drug,115433_T192,115433_T121,115433
115433_R177,ADE-Drug,115433_T313,115433_T18,115433
115433_R180,ADE-Drug,115433_T314,115433_T156,115433
115466_R35,ADE-Drug,115466_T75,115466_T38,115466
115466_R94,ADE-Drug,115466_T134,115466_T25,115466
115737_R11,ADE-Drug,115737_T38,115737_T20,115737
115737_R16,ADE-Drug,115737_T50,115737_T16,115737
115737_R17,ADE-Drug,115737_T50,115737_T49,115737
115737_R20,ADE-Drug,115737_T55,115737_T53,115737
115737_R21,ADE-Drug,115737_T55,115737_T11,115737
115737_R23,ADE-Drug,115737_T60,115737_T58,115737
115737_R24,ADE-Drug,115737_T60,115737_T24,115737
115737_R41,ADE-Drug,115737_T83,115737_T82,115737
115737_R58,ADE-Drug,115737_T101,115737_T8,115737
115737_R59,ADE-Drug,115737_T79,115737_T11,115737
115737_R60,ADE-Drug,115737_T79,115737_T56,115737
115771_R49,ADE-Drug,115771_T105,115771_T35,115771
115771_R110,ADE-Drug,115771_T171,115771_T25,115771
116011_R58,ADE-Drug,116011_T140,116011_T138,116011
116011_R59,ADE-Drug,116011_T145,116011_T144,116011
116011_R61,ADE-Drug,116011_T152,116011_T151,116011
116011_R85,ADE-Drug,116011_T234,116011_T232,116011
116011_R86,ADE-Drug,116011_T233,116011_T232,116011
116011_R104,ADE-Drug,116011_T143,116011_T50,116011
116011_R110,ADE-Drug,116011_T159,116011_T66,116011
116011_R158,ADE-Drug,116011_T233,116011_T41,116011
116011_R159,ADE-Drug,116011_T233,116011_T92,116011
116011_R161,ADE-Drug,116011_T233,116011_T55,116011
116204_R75,ADE-Drug,116204_T131,116204_T23,116204
116204_R81,ADE-Drug,116204_T138,116204_T14,116204
116204_R91,ADE-Drug,116204_T147,116204_T126,116204
116204_R141,ADE-Drug,116204_T202,116204_T200,116204
116204_R101,ADE-Drug,116204_T157,116204_T55,116204
116237_R42,ADE-Drug,116237_T76,116237_T75,116237
116237_R48,ADE-Drug,116237_T82,116237_T29,116237
116237_R140,ADE-Drug,116237_T178,116237_T73,116237
116237_R141,ADE-Drug,116237_T177,116237_T75,116237
116237_R143,ADE-Drug,116237_T189,116237_T29,116237
116237_R144,ADE-Drug,116237_T190,116237_T29,116237
116237_R145,ADE-Drug,116237_T191,116237_T83,116237
116903_R25,ADE-Drug,116903_T71,116903_T63,116903
116903_R32,ADE-Drug,116903_T78,116903_T27,116903
116903_R57,ADE-Drug,116903_T106,116903_T105,116903
116903_R49,ADE-Drug,116903_T120,116903_T20,116903
116903_R61,ADE-Drug,116903_T104,116903_T20,116903
116903_R62,ADE-Drug,116903_T74,116903_T59,116903
116903_R63,ADE-Drug,116903_T74,116903_T2,116903
116903_R66,ADE-Drug,116903_T108,116903_T40,116903
116903_R67,ADE-Drug,116903_T108,116903_T46,116903
116903_R71,ADE-Drug,116903_T123,116903_T36,116903
117191_R71,ADE-Drug,117191_T159,117191_T158,117191
117191_R78,ADE-Drug,117191_T173,117191_T172,117191
117191_R80,ADE-Drug,117191_T179,117191_T178,117191
117191_R82,ADE-Drug,117191_T254,117191_T253,117191
117191_R83,ADE-Drug,117191_T255,117191_T256,117191
117191_R90,ADE-Drug,117191_T154,117191_T74,117191
117191_R99,ADE-Drug,117191_T182,117191_T42,117191
117191_R100,ADE-Drug,117191_T181,117191_T42,117191
117191_R180,ADE-Drug,117191_T266,117191_T42,117191
117191_R98,ADE-Drug,117191_T180,117191_T42,117191
118491_R13,ADE-Drug,118491_T60,118491_T59,118491
118491_R14,ADE-Drug,118491_T61,118491_T28,118491
118491_R51,ADE-Drug,118491_T130,118491_T129,118491
118491_R63,ADE-Drug,118491_T121,118491_T55,118491
118491_R65,ADE-Drug,118491_T107,118491_T9,118491
118491_R70,ADE-Drug,118491_T109,118491_T40,118491
118491_R71,ADE-Drug,118491_T110,118491_T6,118491
118491_R72,ADE-Drug,118491_T134,118491_T6,118491
118491_R75,ADE-Drug,118491_T137,118491_T48,118491
118491_R79,ADE-Drug,118491_T147,118491_T44,118491
118496_R13,ADE-Drug,118496_T32,118496_T15,118496
118496_R14,ADE-Drug,118496_T33,118496_T15,118496
118496_R27,ADE-Drug,118496_T53,118496_T52,118496
118496_R45,ADE-Drug,118496_T70,118496_T15,118496
119906_R32,ADE-Drug,119906_T70,119906_T55,119906
119906_R84,ADE-Drug,119906_T126,119906_T7,119906
119906_R35,ADE-Drug,119906_T38,119906_T43,119906
121116_R28,ADE-Drug,121116_T55,121116_T56,121116
121116_R61,ADE-Drug,121116_T108,121116_T105,121116
121116_R62,ADE-Drug,121116_T106,121116_T105,121116
121116_R63,ADE-Drug,121116_T107,121116_T105,121116
121116_R68,ADE-Drug,121116_T109,121116_T56,121116
121116_R69,ADE-Drug,121116_T110,121116_T37,121116
121116_R70,ADE-Drug,121116_T111,121116_T12,121116
121631_R41,ADE-Drug,121631_T79,121631_T1,121631
121663_R33,ADE-Drug,121663_T71,121663_T73,121663
121663_R34,ADE-Drug,121663_T71,121663_T72,121663
121663_R80,ADE-Drug,121663_T122,121663_T61,121663
121663_R81,ADE-Drug,121663_T122,121663_T48,121663
121663_R82,ADE-Drug,121663_T123,121663_T48,121663
121663_R83,ADE-Drug,121663_T123,121663_T61,121663
121663_R84,ADE-Drug,121663_T137,121663_T139,121663
121663_R85,ADE-Drug,121663_T137,121663_T136,121663
121663_R86,ADE-Drug,121663_T138,121663_T136,121663
121663_R87,ADE-Drug,121663_T138,121663_T139,121663
121861_R72,ADE-Drug,121861_T138,121861_T63,121861
121861_R106,ADE-Drug,121861_T177,121861_T176,121861
121861_R116,ADE-Drug,121861_T194,121861_T28,121861
121861_R121,ADE-Drug,121861_T185,121861_T7,121861
121861_R122,ADE-Drug,121861_T203,121861_T7,121861
122090_R1,ADE-Drug,122090_T17,122090_T6,122090
122365_R26,ADE-Drug,122365_T60,122365_T26,122365
122365_R28,ADE-Drug,122365_T62,122365_T14,122365
122365_R56,ADE-Drug,122365_T87,122365_T13,122365
122365_R64,ADE-Drug,122365_T108,122365_T107,122365
122365_R67,ADE-Drug,122365_T116,122365_T22,122365
123204_R43,ADE-Drug,123204_T100,123204_T101,123204
123204_R57,ADE-Drug,123204_T87,123204_T55,123204
123204_R32,ADE-Drug,123204_T57,123204_T56,123204
123204_R60,ADE-Drug,123204_T75,123204_T35,123204
123755_R51,ADE-Drug,123755_T77,123755_T32,123755
123807_R70,ADE-Drug,123807_T131,123807_T132,123807
123807_R143,ADE-Drug,123807_T238,123807_T237,123807
123807_R146,ADE-Drug,123807_T248,123807_T247,123807
123807_R93,ADE-Drug,123807_T218,123807_T87,123807
123807_R151,ADE-Drug,123807_T220,123807_T43,123807
123807_R152,ADE-Drug,123807_T219,123807_T43,123807
123807_R154,ADE-Drug,123807_T222,123807_T35,123807
123807_R157,ADE-Drug,123807_T249,123807_T85,123807
124142_R123,ADE-Drug,124142_T197,124142_T196,124142
124465_R7,ADE-Drug,124465_T33,124465_T21,124465
124465_R8,ADE-Drug,124465_T36,124465_T21,124465
124465_R9,ADE-Drug,124465_T35,124465_T21,124465
124465_R10,ADE-Drug,124465_T34,124465_T21,124465
124465_R12,ADE-Drug,124465_T37,124465_T12,124465
124465_R13,ADE-Drug,124465_T40,124465_T13,124465
124465_R14,ADE-Drug,124465_T39,124465_T13,124465
124465_R15,ADE-Drug,124465_T38,124465_T13,124465
124465_R16,ADE-Drug,124465_T41,124465_T14,124465
124465_R23,ADE-Drug,124465_T53,124465_T52,124465
124465_R25,ADE-Drug,124465_T55,124465_T5,124465
124465_R28,ADE-Drug,124465_T59,124465_T25,124465
124465_R31,ADE-Drug,124465_T61,124465_T17,124465
124465_R36,ADE-Drug,124465_T63,124465_T12,124465
124465_R41,ADE-Drug,124465_T67,124465_T65,124465
124465_R44,ADE-Drug,124465_T78,124465_T5,124465
125281_R49,ADE-Drug,125281_T94,125281_T4,125281
125281_R50,ADE-Drug,125281_T94,125281_T12,125281
126085_R45,ADE-Drug,126085_T100,126085_T73,126085
126085_R153,ADE-Drug,126085_T99,126085_T72,126085
127018_R52,ADE-Drug,127018_T87,127018_T86,127018
127018_R53,ADE-Drug,127018_T87,127018_T44,127018
127018_R54,ADE-Drug,127018_T88,127018_T1,127018
127018_R55,ADE-Drug,127018_T90,127018_T89,127018
127018_R56,ADE-Drug,127018_T90,127018_T64,127018
127018_R57,ADE-Drug,127018_T90,127018_T91,127018
127018_R58,ADE-Drug,127018_T92,127018_T67,127018
127018_R59,ADE-Drug,127018_T92,127018_T74,127018
127018_R60,ADE-Drug,127018_T93,127018_T52,127018
127018_R61,ADE-Drug,127018_T93,127018_T56,127018
127018_R108,ADE-Drug,127018_T141,127018_T65,127018
129109_R2,ADE-Drug,129109_T9,129109_T7,129109
129109_R3,ADE-Drug,129109_T10,129109_T7,129109
131345_R42,ADE-Drug,131345_T63,131345_T61,131345
133235_R186,ADE-Drug,133235_T214,133235_T215,133235
133235_R187,ADE-Drug,133235_T214,133235_T216,133235
135234_R6,ADE-Drug,135234_T9,135234_T11,135234
135234_R14,ADE-Drug,135234_T28,135234_T29,135234
135234_R17,ADE-Drug,135234_T43,135234_T44,135234
135234_R18,ADE-Drug,135234_T54,135234_T55,135234
138089_R13,ADE-Drug,138089_T16,138089_T15,138089
139178_R64,ADE-Drug,139178_T82,139178_T83,139178
139178_R70,ADE-Drug,139178_T103,139178_T104,139178
139178_R72,ADE-Drug,139178_T111,139178_T109,139178
139178_R79,ADE-Drug,139178_T123,139178_T124,139178
139178_R80,ADE-Drug,139178_T123,139178_T125,139178
139178_R82,ADE-Drug,139178_T111,139178_T110,139178
139178_R15,ADE-Drug,139178_T85,139178_T25,139178
139825_R3,ADE-Drug,139825_T6,139825_T5,139825
139955_R83,ADE-Drug,139955_T130,139955_T131,139955
139955_R84,ADE-Drug,139955_T130,139955_T132,139955
141447_R23,ADE-Drug,141447_T45,141447_T21,141447
141447_R24,ADE-Drug,141447_T45,141447_T11,141447
141447_R55,ADE-Drug,141447_T83,141447_T20,141447
141447_R57,ADE-Drug,141447_T79,141447_T33,141447
142444_R5,ADE-Drug,142444_T20,142444_T21,142444
142444_R82,ADE-Drug,142444_T119,142444_T121,142444
142444_R83,ADE-Drug,142444_T119,142444_T122,142444
142444_R84,ADE-Drug,142444_T119,142444_T123,142444
142444_R85,ADE-Drug,142444_T119,142444_T124,142444
142444_R86,ADE-Drug,142444_T119,142444_T125,142444
142444_R87,ADE-Drug,142444_T119,142444_T120,142444
146543_R11,ADE-Drug,146543_T27,146543_T26,146543
146543_R12,ADE-Drug,146543_T27,146543_T25,146543
146543_R13,ADE-Drug,146543_T28,146543_T29,146543
146543_R14,ADE-Drug,146543_T28,146543_T30,146543
146543_R15,ADE-Drug,146543_T35,146543_T34,146543
146543_R18,ADE-Drug,146543_T39,146543_T40,146543
146876_R5,ADE-Drug,146876_T11,146876_T12,146876
146944_R1,ADE-Drug,146944_T2,146944_T1,146944
146944_R3,ADE-Drug,146944_T4,146944_T5,146944
146944_R24,ADE-Drug,146944_T34,146944_T33,146944
146944_R25,ADE-Drug,146944_T35,146944_T33,146944
146944_R28,ADE-Drug,146944_T42,146944_T41,146944
146944_R8,ADE-Drug,146944_T47,146944_T1,146944
148266_R13,ADE-Drug,148266_T40,148266_T41,148266
148266_R14,ADE-Drug,148266_T42,148266_T41,148266
148266_R45,ADE-Drug,148266_T76,148266_T19,148266
148266_R46,ADE-Drug,148266_T76,148266_T3,148266
148266_R47,ADE-Drug,148266_T77,148266_T41,148266
148266_R48,ADE-Drug,148266_T78,148266_T13,148266
149071_R182,ADE-Drug,149071_T219,149071_T220,149071
149071_R183,ADE-Drug,149071_T221,149071_T222,149071
149071_R186,ADE-Drug,149071_T226,149071_T227,149071
149071_R187,ADE-Drug,149071_T228,149071_T230,149071
149071_R188,ADE-Drug,149071_T229,149071_T230,149071
149239_R10,ADE-Drug,149239_T26,149239_T27,149239
150030_R2,ADE-Drug,150030_T4,150030_T5,150030
150030_R3,ADE-Drug,150030_T4,150030_T2,150030
150030_R13,ADE-Drug,150030_T17,150030_T16,150030
150030_R14,ADE-Drug,150030_T20,150030_T19,150030
150030_R17,ADE-Drug,150030_T24,150030_T22,150030
150030_R55,ADE-Drug,150030_T76,150030_T77,150030
151483_R2,ADE-Drug,151483_T7,151483_T6,151483
151483_R5,ADE-Drug,151483_T12,151483_T11,151483
151483_R41,ADE-Drug,151483_T65,151483_T66,151483
151483_R46,ADE-Drug,151483_T75,151483_T66,151483
152311_R172,ADE-Drug,152311_T245,152311_T244,152311
152925_R26,ADE-Drug,152925_T52,152925_T19,152925
154496_R5,ADE-Drug,154496_T6,154496_T7,154496
156044_R35,ADE-Drug,156044_T62,156044_T2,156044
156044_R36,ADE-Drug,156044_T62,156044_T61,156044
156044_R45,ADE-Drug,156044_T70,156044_T2,156044
156336_R20,ADE-Drug,156336_T34,156336_T38,156336
156336_R21,ADE-Drug,156336_T35,156336_T38,156336
156336_R22,ADE-Drug,156336_T37,156336_T38,156336
156777_R46,ADE-Drug,156777_T71,156777_T72,156777
156777_R47,ADE-Drug,156777_T71,156777_T73,156777
157103_R25,ADE-Drug,157103_T41,157103_T40,157103
157103_R30,ADE-Drug,157103_T54,157103_T55,157103
157103_R31,ADE-Drug,157103_T57,157103_T56,157103
157103_R32,ADE-Drug,157103_T58,157103_T56,157103
157713_R87,ADE-Drug,157713_T152,157713_T77,157713
157713_R88,ADE-Drug,157713_T141,157713_T77,157713
157713_R89,ADE-Drug,157713_T127,157713_T143,157713
160519_R92,ADE-Drug,160519_T207,160519_T206,160519
160519_R93,ADE-Drug,160519_T207,160519_T105,160519
160519_R94,ADE-Drug,160519_T207,160519_T23,160519
160519_R96,ADE-Drug,160519_T209,160519_T167,160519
160519_R102,ADE-Drug,160519_T216,160519_T215,160519
160519_R193,ADE-Drug,160519_T320,160519_T316,160519
160519_R194,ADE-Drug,160519_T332,160519_T331,160519
160519_R195,ADE-Drug,160519_T336,160519_T335,160519
160519_R196,ADE-Drug,160519_T336,160519_T334,160519
160519_R198,ADE-Drug,160519_T339,160519_T337,160519
160519_R202,ADE-Drug,160519_T361,160519_T360,160519
160519_R203,ADE-Drug,160519_T323,160519_T185,160519
160519_R207,ADE-Drug,160519_T325,160519_T79,160519
160519_R208,ADE-Drug,160519_T329,160519_T186,160519
160519_R209,ADE-Drug,160519_T330,160519_T166,160519
160519_R88,ADE-Drug,160519_T328,160519_T163,160519
163764_R2,ADE-Drug,163764_T4,163764_T3,163764
163764_R3,ADE-Drug,163764_T5,163764_T3,163764
163764_R11,ADE-Drug,163764_T21,163764_T20,163764
164726_R7,ADE-Drug,164726_T13,164726_T12,164726
166054_R88,ADE-Drug,166054_T144,166054_T148,166054
166054_R89,ADE-Drug,166054_T145,166054_T148,166054
166054_R90,ADE-Drug,166054_T146,166054_T148,166054
166054_R91,ADE-Drug,166054_T147,166054_T148,166054
166237_R112,ADE-Drug,166237_T240,166237_T239,166237
166237_R246,ADE-Drug,166237_T376,166237_T212,166237
166237_R257,ADE-Drug,166237_T403,166237_T209,166237
166237_R258,ADE-Drug,166237_T385,166237_T173,166237
166237_R259,ADE-Drug,166237_T387,166237_T211,166237
166237_R260,ADE-Drug,166237_T388,166237_T211,166237
166237_R261,ADE-Drug,166237_T404,166237_T198,166237
166237_R266,ADE-Drug,166237_T411,166237_T239,166237
166237_R273,ADE-Drug,166237_T414,166237_T175,166237
166237_R276,ADE-Drug,166237_T419,166237_T60,166237
166237_R277,ADE-Drug,166237_T420,166237_T60,166237
166237_R278,ADE-Drug,166237_T418,166237_T60,166237
166237_R281,ADE-Drug,166237_T423,166237_T176,166237
166237_R282,ADE-Drug,166237_T425,166237_T176,166237
166237_R283,ADE-Drug,166237_T424,166237_T183,166237
166237_R284,ADE-Drug,166237_T426,166237_T183,166237
172206_R18,ADE-Drug,172206_T38,172206_T39,172206
172206_R20,ADE-Drug,172206_T42,172206_T43,172206
174339_R102,ADE-Drug,174339_T135,174339_T134,174339
180167_R3,ADE-Drug,180167_T13,180167_T14,180167
180167_R4,ADE-Drug,180167_T13,180167_T15,180167
180167_R9,ADE-Drug,180167_T30,180167_T29,180167
180167_R10,ADE-Drug,180167_T30,180167_T28,180167
180167_R11,ADE-Drug,180167_T30,180167_T27,180167
180167_R12,ADE-Drug,180167_T31,180167_T27,180167
180167_R13,ADE-Drug,180167_T31,180167_T28,180167
180167_R14,ADE-Drug,180167_T31,180167_T29,180167
180167_R15,ADE-Drug,180167_T42,180167_T39,180167
180167_R16,ADE-Drug,180167_T42,180167_T41,180167
180167_R17,ADE-Drug,180167_T42,180167_T40,180167
181143_R156,ADE-Drug,181143_T203,181143_T202,181143
181643_R299,ADE-Drug,181643_T369,181643_T1,181643
181643_R97,ADE-Drug,181643_T194,181643_T192,181643
183331_R3,ADE-Drug,183331_T7,183331_T5,183331
183783_R64,ADE-Drug,183783_T106,183783_T105,183783
183783_R67,ADE-Drug,183783_T112,183783_T111,183783
183783_R69,ADE-Drug,183783_T116,183783_T115,183783
185289_R144,ADE-Drug,185289_T185,185289_T189,185289
185289_R169,ADE-Drug,185289_T232,185289_T234,185289
185982_R37,ADE-Drug,185982_T73,185982_T11,185982
185982_R38,ADE-Drug,185982_T73,185982_T48,185982
185982_R43,ADE-Drug,185982_T83,185982_T81,185982
185982_R46,ADE-Drug,185982_T97,185982_T98,185982
185982_R49,ADE-Drug,185982_T106,185982_T105,185982
189637_R129,ADE-Drug,189637_T159,189637_T160,189637
189637_R130,ADE-Drug,189637_T161,189637_T160,189637
189637_R151,ADE-Drug,189637_T192,189637_T193,189637
189637_R152,ADE-Drug,189637_T194,189637_T195,189637
189637_R159,ADE-Drug,189637_T211,189637_T210,189637
189637_R164,ADE-Drug,189637_T216,189637_T217,189637
191061_R136,ADE-Drug,191061_T182,191061_T181,191061
193079_R10,ADE-Drug,193079_T12,193079_T6,193079
193079_R30,ADE-Drug,193079_T43,193079_T42,193079
193079_R56,ADE-Drug,193079_T82,193079_T81,193079
196911_R1,ADE-Drug,196911_T2,196911_T1,196911
196911_R23,ADE-Drug,196911_T55,196911_T56,196911
196911_R24,ADE-Drug,196911_T55,196911_T57,196911
196911_R25,ADE-Drug,196911_T59,196911_T58,196911
196911_R67,ADE-Drug,196911_T114,196911_T113,196911
196911_R73,ADE-Drug,196911_T141,196911_T142,196911
198207_R53,ADE-Drug,198207_T87,198207_T84,198207
198207_R54,ADE-Drug,198207_T87,198207_T85,198207
198207_R55,ADE-Drug,198207_T88,198207_T84,198207
198207_R56,ADE-Drug,198207_T88,198207_T85,198207
198207_R57,ADE-Drug,198207_T93,198207_T92,198207
